"Data Source","World Development Indicators",

"Last Updated Date","2021-11-23",

"Country Name","Country Code","Indicator Name","Indicator Code","1960","1961","1962","1963","1964","1965","1966","1967","1968","1969","1970","1971","1972","1973","1974","1975","1976","1977","1978","1979","1980","1981","1982","1983","1984","1985","1986","1987","1988","1989","1990","1991","1992","1993","1994","1995","1996","1997","1998","1999","2000","2001","2002","2003","2004","2005","2006","2007","2008","2009","2010","2011","2012","2013","2014","2015","2016","2017","2018","2019","2020",
"Aruba","ABW","International migrant stock (% of population)","SM.POP.TOTL.ZS","","","","","","","","","","","","","","","","","","","","","","","","","","","","","","","23.2412949732896","","","","","27.7295022782163","","","","","33.1330207576658","","","","","32.5299157261249","","","","","33.7874149827259","","","","","34.7621018587146","","","","","",
"Africa Eastern and Southern","AFE","International migrant stock (% of population)","SM.POP.TOTL.ZS","","","","","","","","","","","","","","","","","","","","","","","","","","","","","","","2.86162299067721","","","","","2.43757232482457","","","","","1.7972596861646","","","","","1.57060533527419","","","","","1.45803248196094","","","","","1.73476797332449","","","","","",
"Afghanistan","AFG","International migrant stock (% of population)","SM.POP.TOTL.ZS","","","","","","","","","","","","","","","","","","","","","","","","","","","","","","","0.478024987632141","","","","","0.426423646962574","","","","","0.385327536273078","","","","","0.357787647744167","","","","","0.365657832373532","","","","","1.17554692684705","","","","","",
"Africa Western and Central","AFW","International migrant stock (% of population)","SM.POP.TOTL.ZS","","","","","","","","","","","","","","","","","","","","","","","","","","","","","","","2.50839768313399","","","","","2.61383620533572","","","","","2.25371361878651","","","","","2.15217803039326","","","","","2.12631838574537","","","","","2.07969107270558","","","","","",
"Angola","AGO","International migrant stock (% of population)","SM.POP.TOTL.ZS","","","","","","","","","","","","","","","","","","","","","","","","","","","","","","","0.301198701997777","","","","","0.305252009060111","","","","","0.30618970985291","","","","","0.342372570625194","","","","","0.36074065005042","","","","","0.427004679966497","","","","","",
"Albania","ALB","International migrant stock (% of population)","SM.POP.TOTL.ZS","","","","","","","","","","","","","","","","","","","","","","","","","","","","","","","2.01170030471258","","","","","2.29675797068748","","","","","2.45662587504985","","","","","2.10043436900991","","","","","1.8189568635262","","","","","1.98903641031678","","","","","",
"Andorra","AND","International migrant stock (% of population)","SM.POP.TOTL.ZS","","","","","","","","","","","","","","","","","","","","","","","","","","","","","","","71.3690814697951","","","","","63.4650922416763","","","","","64.4444104649918","","","","","61.9258091919776","","","","","61.6602897451995","","","","","59.713649198984","","","","","",
"Arab World","ARB","International migrant stock (% of population)","SM.POP.TOTL.ZS","","","","","","","","","","","","","","","","","","","","","","","","","","","","","","","6.36928128652389","","","","","6.10629967716955","","","","","6.12683207555893","","","","","6.67868656038983","","","","","8.14448852218853","","","","","9.0661273883959","","","","","",
"United Arab Emirates","ARE","International migrant stock (% of population)","SM.POP.TOTL.ZS","","","","","","","","","","","","","","","","","","","","","","","","","","","","","","","72.1283076946857","","","","","77.6157011852649","","","","","80.2154860386187","","","","","73.2051220265347","","","","","87.8402339265255","","","","","88.4040483728066","","","","","",
"Argentina","ARG","International migrant stock (% of population)","SM.POP.TOTL.ZS","","","","","","","","","","","","","","","","","","","","","","","","","","","","","","","5.04103912832794","","","","","4.5580148466553","","","","","4.15630021847427","","","","","4.27402481680457","","","","","4.38095838778833","","","","","4.80529233472193","","","","","",
"Armenia","ARM","International migrant stock (% of population)","SM.POP.TOTL.ZS","","","","","","","","","","","","","","","","","","","","","","","","","","","","","","","18.5852097289047","","","","","21.5315467087867","","","","","21.3874850541173","","","","","15.5599308372337","","","","","7.47630501272821","","","","","6.33589288838696","","","","","",
"American Samoa","ASM","International migrant stock (% of population)","SM.POP.TOTL.ZS","","","","","","","","","","","","","","","","","","","","","","","","","","","","","","","45.2406257971261","","","","","43.6849869501078","","","","","43.3086471263169","","","","","40.9915929428083","","","","","42.3376950176145","","","","","41.8020094349815","","","","","",
"Antigua and Barbuda","ATG","International migrant stock (% of population)","SM.POP.TOTL.ZS","","","","","","","","","","","","","","","","","","","","","","","","","","","","","","","19.4310729170032","","","","","25.6770398981697","","","","","29.7122913661653","","","","","29.9654817416581","","","","","30.2775325851455","","","","","30.5855061099131","","","","","",
"Australia","AUS","International migrant stock (% of population)","SM.POP.TOTL.ZS","","","","","","","","","","","","","","","","","","","","","","","","","","","","","","","23.1341364316472","","","","","22.9152149241066","","","","","22.9559448399982","","","","","24.0601862004287","","","","","26.5443142431553","","","","","28.2184096915625","","","","","",
"Austria","AUT","International migrant stock (% of population)","SM.POP.TOTL.ZS","","","","","","","","","","","","","","","","","","","","","","","","","","","","","","","10.2930213709833","","","","","11.224278747592","","","","","12.3781065532679","","","","","13.798295003994","","","","","15.2048871387536","","","","","17.465726250517","","","","","",
"Azerbaijan","AZE","International migrant stock (% of population)","SM.POP.TOTL.ZS","","","","","","","","","","","","","","","","","","","","","","","","","","","","","","","4.99688006781124","","","","","4.42772602996394","","","","","4.03486585309067","","","","","3.52920651358258","","","","","3.04290391106797","","","","","2.70906158396255","","","","","",
"Burundi","BDI","International migrant stock (% of population)","SM.POP.TOTL.ZS","","","","","","","","","","","","","","","","","","","","","","","","","","","","","","","5.9344669945045","","","","","4.08481767197786","","","","","1.85645994952323","","","","","2.17884243843718","","","","","2.48658800012726","","","","","2.56563222872762","","","","","",
"Belgium","BEL","International migrant stock (% of population)","SM.POP.TOTL.ZS","","","","","","","","","","","","","","","","","","","","","","","","","","","","","","","8.93481125581152","","","","","8.71172497622003","","","","","8.31064880730943","","","","","8.24567795515686","","","","","9.63262689092329","","","","","12.2835331942319","","","","","",
"Benin","BEN","International migrant stock (% of population)","SM.POP.TOTL.ZS","","","","","","","","","","","","","","","","","","","","","","","","","","","","","","","1.52385263665976","","","","","1.75370861482564","","","","","1.9243482067285","","","","","2.09595957744231","","","","","2.20054095786262","","","","","2.25554096484421","","","","","",
"Burkina Faso","BFA","International migrant stock (% of population)","SM.POP.TOTL.ZS","","","","","","","","","","","","","","","","","","","","","","","","","","","","","","","3.96839961897771","","","","","4.30974572928349","","","","","4.48002678165918","","","","","4.44773623821136","","","","","4.31103604603512","","","","","3.89203985292924","","","","","",
"Bangladesh","BGD","International migrant stock (% of population)","SM.POP.TOTL.ZS","","","","","","","","","","","","","","","","","","","","","","","","","","","","","","","0.831846493011869","","","","","0.789287019240285","","","","","0.752473673994172","","","","","0.816273820343876","","","","","0.887465112122783","","","","","0.883753735396142","","","","","",
"Bulgaria","BGR","International migrant stock (% of population)","SM.POP.TOTL.ZS","","","","","","","","","","","","","","","","","","","","","","","","","","","","","","","0.243846835166228","","","","","0.388065922990301","","","","","0.541965449702581","","","","","0.794963797478306","","","","","1.02988985050822","","","","","1.428196392424","","","","","",
"Bahrain","BHR","International migrant stock (% of population)","SM.POP.TOTL.ZS","","","","","","","","","","","","","","","","","","","","","","","","","","","","","","","34.9257174197087","","","","","36.5385911695315","","","","","35.8940099421913","","","","","46.5987861787699","","","","","52.1561952210345","","","","","51.12678500505","","","","","",
"Bahamas, The","BHS","International migrant stock (% of population)","SM.POP.TOTL.ZS","","","","","","","","","","","","","","","","","","","","","","","","","","","","","","","10.4764022501541","","","","","11.2989066610506","","","","","12.2373619881097","","","","","13.8484341352739","","","","","15.1694703877172","","","","","15.2843030882508","","","","","",
"Bosnia and Herzegovina","BIH","International migrant stock (% of population)","SM.POP.TOTL.ZS","","","","","","","","","","","","","","","","","","","","","","","","","","","","","","","1.23702340359921","","","","","1.79095182144719","","","","","2.18704635371873","","","","","1.23316856129726","","","","","1.01145737783482","","","","","0.913364839954483","","","","","",
"Belarus","BLR","International migrant stock (% of population)","SM.POP.TOTL.ZS","","","","","","","","","","","","","","","","","","","","","","","","","","","","","","","12.2065976849258","","","","","11.6763130834862","","","","","11.2899898563663","","","","","11.4824820322685","","","","","11.4871890605704","","","","","11.4040105621143","","","","","",
"Belize","BLZ","International migrant stock (% of population)","SM.POP.TOTL.ZS","","","","","","","","","","","","","","","","","","","","","","","","","","","","","","","16.2109708240915","","","","","16.1604545762024","","","","","14.7538332147247","","","","","14.6230394769821","","","","","14.4150194801762","","","","","14.990801225761","","","","","",
"Bermuda","BMU","International migrant stock (% of population)","SM.POP.TOTL.ZS","","","","","","","","","","","","","","","","","","","","","","","","","","","","","","","25.7389506162709","","","","","26.5990365904233","","","","","27.5911610837823","","","","","28.0633867698544","","","","","29.5274728711261","","","","","30.8463970066447","","","","","",
"Bolivia","BOL","International migrant stock (% of population)","SM.POP.TOTL.ZS","","","","","","","","","","","","","","","","","","","","","","","","","","","","","","","1.07577820282411","","","","","1.10481218007918","","","","","1.11107220662312","","","","","1.18071471896316","","","","","1.23858606033628","","","","","1.33326744185504","","","","","",
"Brazil","BRA","International migrant stock (% of population)","SM.POP.TOTL.ZS","","","","","","","","","","","","","","","","","","","","","","","","","","","","","","","0.530953063465134","","","","","0.45562763292131","","","","","0.389447556993318","","","","","0.338807605548494","","","","","0.298351263974025","","","","","0.34331320024167","","","","","",
"Barbados","BRB","International migrant stock (% of population)","SM.POP.TOTL.ZS","","","","","","","","","","","","","","","","","","","","","","","","","","","","","","","9.22672770706752","","","","","9.89726828752802","","","","","10.5337276439938","","","","","11.1761120822735","","","","","11.741413476603","","","","","12.1299016589554","","","","","",
"Brunei Darussalam","BRN","International migrant stock (% of population)","SM.POP.TOTL.ZS","","","","","","","","","","","","","","","","","","","","","","","","","","","","","","","28.4892523128058","","","","","28.7271617911257","","","","","29.1317001155636","","","","","27.2019873497122","","","","","25.5750034324768","","","","","24.2759719084662","","","","","",
"Bhutan","BTN","International migrant stock (% of population)","SM.POP.TOTL.ZS","","","","","","","","","","","","","","","","","","","","","","","","","","","","","","","4.44571012408848","","","","","5.4965936132459","","","","","5.69616102462481","","","","","6.18570158316735","","","","","6.72270307644888","","","","","6.59576939457687","","","","","",
"Botswana","BWA","International migrant stock (% of population)","SM.POP.TOTL.ZS","","","","","","","","","","","","","","","","","","","","","","","","","","","","","","","1.99374698328905","","","","","2.54826044175853","","","","","3.2860008096378","","","","","4.76549662205479","","","","","5.9043934777821","","","","","7.10033436685768","","","","","",
"Central African Republic","CAF","International migrant stock (% of population)","SM.POP.TOTL.ZS","","","","","","","","","","","","","","","","","","","","","","","","","","","","","","","2.28855836548856","","","","","2.9891121876349","","","","","3.31528203608757","","","","","2.32884933652365","","","","","2.10273493224818","","","","","1.6651721924121","","","","","",
"Canada","CAN","International migrant stock (% of population)","SM.POP.TOTL.ZS","","","","","","","","","","","","","","","","","","","","","","","","","","","","","","","15.6649883379774","","","","","16.6036336893101","","","","","17.9530044114855","","","","","18.8458650895004","","","","","20.5450110095849","","","","","21.801663648343","","","","","",
"Central Europe and the Baltics","CEB","International migrant stock (% of population)","SM.POP.TOTL.ZS","","","","","","","","","","","","","","","","","","","","","","","","","","","","","","","3.44103749672555","","","","","3.33465956673454","","","","","3.02670869337671","","","","","3.13180449353613","","","","","3.21735140909621","","","","","3.27849527185178","","","","","",
"Switzerland","CHE","International migrant stock (% of population)","SM.POP.TOTL.ZS","","","","","","","","","","","","","","","","","","","","","","","","","","","","","","","20.8615326524741","","","","","21.074820415782","","","","","21.9208463347215","","","","","24.3694496995927","","","","","26.5011556044581","","","","","29.3866855419963","","","","","",
"Channel Islands","CHI","International migrant stock (% of population)","SM.POP.TOTL.ZS","","","","","","","","","","","","","","","","","","","","","","","","","","","","","","","43.8333961285002","","","","","42.0124956612287","","","","","43.2348293830896","","","","","45.9766166768202","","","","","48.6148273938953","","","","","50.2816264692227","","","","","",
"Chile","CHL","International migrant stock (% of population)","SM.POP.TOTL.ZS","","","","","","","","","","","","","","","","","","","","","","","","","","","","","","","0.818045411675431","","","","","1.00336156453867","","","","","1.16893524206073","","","","","1.69839899441937","","","","","2.17123101856662","","","","","2.61551321666127","","","","","",
"China","CHN","International migrant stock (% of population)","SM.POP.TOTL.ZS","","","","","","","","","","","","","","","","","","","","","","","","","","","","","","","0.0325964938683881","","","","","0.0360142639641385","","","","","0.0400034781168831","","","","","0.0520026556666107","","","","","0.0633766452975853","","","","","0.071076396299372","","","","","",
"Cote d'Ivoire","CIV","International migrant stock (% of population)","SM.POP.TOTL.ZS","","","","","","","","","","","","","","","","","","","","","","","","","","","","","","","14.9304585460897","","","","","14.4150582393917","","","","","12.0725346756147","","","","","11.0894890347837","","","","","10.407388702806","","","","","9.58259865535208","","","","","",
"Cameroon","CMR","International migrant stock (% of population)","SM.POP.TOTL.ZS","","","","","","","","","","","","","","","","","","","","","","","","","","","","","","","2.19831075446886","","","","","1.77222923168869","","","","","1.43387189359828","","","","","1.42735706004066","","","","","1.40399052658132","","","","","1.63631370372888","","","","","",
"Congo, Dem. Rep.","COD","International migrant stock (% of population)","SM.POP.TOTL.ZS","","","","","","","","","","","","","","","","","","","","","","","","","","","","","","","2.15714037449536","","","","","4.30727140060526","","","","","1.54923558332444","","","","","1.11049055567156","","","","","0.893177895255218","","","","","0.70624628058302","","","","","",
"Congo, Rep.","COG","International migrant stock (% of population)","SM.POP.TOTL.ZS","","","","","","","","","","","","","","","","","","","","","","","","","","","","","","","5.430496210507","","","","","7.04209825019651","","","","","9.80944395611959","","","","","8.99886557167024","","","","","10.3207316731258","","","","","8.50579936930912","","","","","",
"Colombia","COL","International migrant stock (% of population)","SM.POP.TOTL.ZS","","","","","","","","","","","","","","","","","","","","","","","","","","","","","","","0.304266834868313","","","","","0.285623249625153","","","","","0.271282821567065","","","","","0.248609030487619","","","","","0.270636192032419","","","","","0.276047226979187","","","","","",
"Comoros","COM","International migrant stock (% of population)","SM.POP.TOTL.ZS","","","","","","","","","","","","","","","","","","","","","","","","","","","","","","","3.39135336172509","","","","","2.9065378857069","","","","","2.51946335193246","","","","","2.13519507558613","","","","","1.80593821338352","","","","","1.59231629704974","","","","","",
"Cabo Verde","CPV","International migrant stock (% of population)","SM.POP.TOTL.ZS","","","","","","","","","","","","","","","","","","","","","","","","","","","","","","","2.61709684225332","","","","","2.5642672861269","","","","","2.51335082293037","","","","","2.67805931374203","","","","","2.93099826868606","","","","","2.86723201832078","","","","","",
"Costa Rica","CRI","International migrant stock (% of population)","SM.POP.TOTL.ZS","","","","","","","","","","","","","","","","","","","","","","","","","","","","","","","13.4893026278475","","","","","10.3758126419676","","","","","7.92128291023959","","","","","8.43192650952495","","","","","8.91924423461473","","","","","8.77100991087492","","","","","",
"Caribbean small states","CSS","International migrant stock (% of population)","SM.POP.TOTL.ZS","","","","","","","","","","","","","","","","","","","","","","","","","","","","","","","3.43126738856697","","","","","3.67705714872696","","","","","3.95212942981218","","","","","4.30694734799114","","","","","4.61974227364661","","","","","4.84608910418427","","","","","",
"Cuba","CUB","International migrant stock (% of population)","SM.POP.TOTL.ZS","","","","","","","","","","","","","","","","","","","","","","","","","","","","","","","0.326542546164356","","","","","0.240114475931153","","","","","0.160280124104204","","","","","0.151167049046572","","","","","0.131038430481849","","","","","0.117089665081063","","","","","",
"Curacao","CUW","International migrant stock (% of population)","SM.POP.TOTL.ZS","","","","","","","","","","","","","","","","","","","","","","","","","","","","","","","","","","","","","","","","","","","","","","","","","","","23.4592324108262","","","","","23.925115932902","","","","","",
"Cayman Islands","CYM","International migrant stock (% of population)","SM.POP.TOTL.ZS","","","","","","","","","","","","","","","","","","","","","","","","","","","","","","","37.5344875844696","","","","","45.2134377368022","","","","","46.1868777737795","","","","","44.5365362071448","","","","","43.3389180132951","","","","","39.5650941351076","","","","","",
"Cyprus","CYP","International migrant stock (% of population)","SM.POP.TOTL.ZS","","","","","","","","","","","","","","","","","","","","","","","","","","","","","","","5.71411054628749","","","","","7.24126683883005","","","","","8.48903886091932","","","","","11.3467546528812","","","","","17.0268690794928","","","","","16.834034154295","","","","","",
"Czech Republic","CZE","International migrant stock (% of population)","SM.POP.TOTL.ZS","","","","","","","","","","","","","","","","","","","","","","","","","","","","","","","1.06932581639085","","","","","1.60215860665841","","","","","2.15130843680363","","","","","3.1526134074332","","","","","3.78604264341224","","","","","3.84222568016916","","","","","",
"Germany","DEU","International migrant stock (% of population)","SM.POP.TOTL.ZS","","","","","","","","","","","","","","","","","","","","","","","","","","","","","","","7.51812758939894","","","","","9.14611048008342","","","","","10.9805597775469","","","","","12.676388329431","","","","","14.4286016089924","","","","","14.8790512953233","","","","","",
"Djibouti","DJI","International migrant stock (% of population)","SM.POP.TOTL.ZS","","","","","","","","","","","","","","","","","","","","","","","","","","","","","","","20.7733073173385","","","","","15.0926671063539","","","","","13.9098098156283","","","","","11.8307155905787","","","","","12.2261381171446","","","","","12.6541204084874","","","","","",
"Dominica","DMA","International migrant stock (% of population)","SM.POP.TOTL.ZS","","","","","","","","","","","","","","","","","","","","","","","","","","","","","","","3.5514888337469","","","","","4.37316967225749","","","","","5.34307323583863","","","","","6.72507158855717","","","","","8.1006646338893","","","","","9.24600990643918","","","","","",
"Denmark","DNK","International migrant stock (% of population)","SM.POP.TOTL.ZS","","","","","","","","","","","","","","","","","","","","","","","","","","","","","","","4.57536594912546","","","","","5.79270425193528","","","","","6.9502871990863","","","","","8.12860900915002","","","","","9.18291776249834","","","","","10.0989913532723","","","","","",
"Dominican Republic","DOM","International migrant stock (% of population)","SM.POP.TOTL.ZS","","","","","","","","","","","","","","","","","","","","","","","","","","","","","","","4.05296975936732","","","","","4.09736177243482","","","","","4.1530615093062","","","","","4.07034754288603","","","","","3.97778011944454","","","","","3.94707985294239","","","","","",
"Algeria","DZA","International migrant stock (% of population)","SM.POP.TOTL.ZS","","","","","","","","","","","","","","","","","","","","","","","","","","","","","","","1.05723275576092","","","","","0.906550236470006","","","","","0.802054717249657","","","","","0.744071903334288","","","","","0.67977278044533","","","","","0.611072022730303","","","","","",
"East Asia & Pacific (excluding high income)","EAP","International migrant stock (% of population)","SM.POP.TOTL.ZS","","","","","","","","","","","","","","","","","","","","","","","","","","","","","","","0.160020290346164","","","","","0.185370218606958","","","","","0.226154784603797","","","","","0.290863715169906","","","","","0.377735360037995","","","","","0.411757901461309","","","","","",
"Early-demographic dividend","EAR","International migrant stock (% of population)","SM.POP.TOTL.ZS","","","","","","","","","","","","","","","","","","","","","","","","","","","","","","","2.0885064700127","","","","","1.68811378577382","","","","","1.54605602017024","","","","","1.46384936276029","","","","","1.56125448135218","","","","","1.64908353078234","","","","","",
"East Asia & Pacific","EAS","International migrant stock (% of population)","SM.POP.TOTL.ZS","","","","","","","","","","","","","","","","","","","","","","","","","","","","","","","0.638756746052585","","","","","0.695644296832225","","","","","0.774085453770053","","","","","0.886993068978298","","","","","1.04722417437069","","","","","1.13179999499114","","","","","",
"Europe & Central Asia (excluding high income)","ECA","International migrant stock (% of population)","SM.POP.TOTL.ZS","","","","","","","","","","","","","","","","","","","","","","","","","","","","","","","7.76342028886978","","","","","7.45322361713706","","","","","7.07843757205806","","","","","6.81378964316897","","","","","6.49228220771265","","","","","6.86506669330059","","","","","",
"Europe & Central Asia","ECS","International migrant stock (% of population)","SM.POP.TOTL.ZS","","","","","","","","","","","","","","","","","","","","","","","","","","","","","","","6.95978033288246","","","","","7.18018061243329","","","","","7.44461944840198","","","","","8.25369801818698","","","","","9.0284202675119","","","","","9.47864028194793","","","","","",
"Ecuador","ECU","International migrant stock (% of population)","SM.POP.TOTL.ZS","","","","","","","","","","","","","","","","","","","","","","","","","","","","","","","0.769840924204486","","","","","1.00600704020497","","","","","1.19984042564985","","","","","1.36440360090023","","","","","2.17859196560599","","","","","2.40029910130242","","","","","",
"Egypt, Arab Rep.","EGY","International migrant stock (% of population)","SM.POP.TOTL.ZS","","","","","","","","","","","","","","","","","","","","","","","","","","","","","","","0.308007800306231","","","","","0.26740812819804","","","","","0.253826357115738","","","","","0.365616849751305","","","","","0.360446632326273","","","","","0.537267286680377","","","","","",
"Euro area","EMU","International migrant stock (% of population)","SM.POP.TOTL.ZS","","","","","","","","","","","","","","","","","","","","","","","","","","","","","","","6.49750480789165","","","","","7.21573857600892","","","","","8.18188348151921","","","","","10.1099800880793","","","","","11.8666591685633","","","","","12.2191205499222","","","","","",
"Eritrea","ERI","International migrant stock (% of population)","SM.POP.TOTL.ZS","","","","","","","","","","","","","","","","","","","","","","","","","","","","","","","0.37743506622794","","","","","0.391897209154592","","","","","0.366377042484122","","","","","0.341519151818552","","","","","0.334267017850319","","","","","","","","","","",
"Spain","ESP","International migrant stock (% of population)","SM.POP.TOTL.ZS","","","","","","","","","","","","","","","","","","","","","","","","","","","","","","","2.09635600889007","","","","","2.56528556153192","","","","","4.06697701583811","","","","","9.36551905960678","","","","","13.4761028681228","","","","","12.6902371918259","","","","","",
"Estonia","EST","International migrant stock (% of population)","SM.POP.TOTL.ZS","","","","","","","","","","","","","","","","","","","","","","","","","","","","","","","24.4037640865765","","","","","22.0333743639556","","","","","17.83317669005","","","","","17.2388840286148","","","","","16.3570151844209","","","","","15.4163092221449","","","","","",
"Ethiopia","ETH","International migrant stock (% of population)","SM.POP.TOTL.ZS","","","","","","","","","","","","","","","","","","","","","","","","","","","","","","","2.40420280094339","","","","","1.40975385494748","","","","","0.920154796542265","","","","","0.671260321204072","","","","","0.648364822592643","","","","","1.07952601222951","","","","","",
"European Union","EUU","International migrant stock (% of population)","SM.POP.TOTL.ZS","","","","","","","","","","","","","","","","","","","","","","","","","","","","","","","5.57987189082129","","","","","6.19857447614028","","","","","6.93300718563723","","","","","8.50530389531557","","","","","9.97707390372204","","","","","10.3630064607208","","","","","",
"Fragile and conflict affected situations","FCS","International migrant stock (% of population)","SM.POP.TOTL.ZS","","","","","","","","","","","","","","","","","","","","","","","","","","","","","","","2.33115757588926","","","","","2.16289012041323","","","","","1.71942880456187","","","","","1.57302147105918","","","","","1.63433845745561","","","","","1.78349670935069","","","","","",
"Finland","FIN","International migrant stock (% of population)","SM.POP.TOTL.ZS","","","","","","","","","","","","","","","","","","","","","","","","","","","","","","","1.26847286935963","","","","","1.95234071809585","","","","","2.63118851760713","","","","","3.66289593105173","","","","","4.62274947542641","","","","","5.73968325726902","","","","","",
"Fiji","FJI","International migrant stock (% of population)","SM.POP.TOTL.ZS","","","","","","","","","","","","","","","","","","","","","","","","","","","","","","","1.82302031494896","","","","","1.6764711192034","","","","","1.56787960893614","","","","","1.51310505950208","","","","","1.55252851321934","","","","","1.54134137387981","","","","","",
"France","FRA","International migrant stock (% of population)","SM.POP.TOTL.ZS","","","","","","","","","","","","","","","","","","","","","","","","","","","","","","","10.3563845150594","","","","","10.4561480959131","","","","","10.572513601125","","","","","11.0016541016987","","","","","11.430036776973","","","","","12.0884793768866","","","","","",
"Faroe Islands","FRO","International migrant stock (% of population)","SM.POP.TOTL.ZS","","","","","","","","","","","","","","","","","","","","","","","","","","","","","","","8.92132164643668","","","","","6.57611283702578","","","","","7.72837753543697","","","","","9.48134969071312","","","","","10.492721395186","","","","","11.4462955662981","","","","","",
"Micronesia, Fed. Sts.","FSM","International migrant stock (% of population)","SM.POP.TOTL.ZS","","","","","","","","","","","","","","","","","","","","","","","","","","","","","","","3.82535217115986","","","","","3.10721856521254","","","","","2.9004933445034","","","","","2.73545641160851","","","","","2.70703249404067","","","","","2.63833046142064","","","","","",
"Gabon","GAB","International migrant stock (% of population)","SM.POP.TOTL.ZS","","","","","","","","","","","","","","","","","","","","","","","","","","","","","","","13.4394798108518","","","","","14.0799982327748","","","","","15.8800956194968","","","","","15.5411942571258","","","","","15.8237436573243","","","","","15.5558595298651","","","","","",
"United Kingdom","GBR","International migrant stock (% of population)","SM.POP.TOTL.ZS","","","","","","","","","","","","","","","","","","","","","","","","","","","","","","","6.39166261907676","","","","","7.1762021104318","","","","","8.03534183597997","","","","","9.84247603205925","","","","","12.1252950809708","","","","","13.200978246274","","","","","",
"Georgia","GEO","International migrant stock (% of population)","SM.POP.TOTL.ZS","","","","","","","","","","","","","","","","","","","","","","","","","","","","","","","6.19562006472527","","","","","5.4952070624413","","","","","4.60832310374145","","","","","4.46464383290137","","","","","4.28697273402332","","","","","4.22024835167253","","","","","",
"Ghana","GHA","International migrant stock (% of population)","SM.POP.TOTL.ZS","","","","","","","","","","","","","","","","","","","","","","","","","","","","","","","1.12693512420479","","","","","1.5087353725087","","","","","1.01780112121151","","","","","1.42329554565849","","","","","1.3858898201617","","","","","1.45739715218881","","","","","",
"Gibraltar","GIB","International migrant stock (% of population)","SM.POP.TOTL.ZS","","","","","","","","","","","","","","","","","","","","","","","","","","","","","","","32.4563038050162","","","","","30.7165109034268","","","","","29.4468209571862","","","","","31.6746905089409","","","","","33.7400754913445","","","","","34.3452214669274","","","","","",
"Guinea","GIN","International migrant stock (% of population)","SM.POP.TOTL.ZS","","","","","","","","","","","","","","","","","","","","","","","","","","","","","","","6.68902079885557","","","","","9.84995230212057","","","","","6.36509259685436","","","","","2.37470735150801","","","","","1.86254484260751","","","","","1.81156655898875","","","","","",
"Gambia, The","GMB","International migrant stock (% of population)","SM.POP.TOTL.ZS","","","","","","","","","","","","","","","","","","","","","","","","","","","","","","","12.8841167917924","","","","","14.1581577599165","","","","","14.8522658750406","","","","","12.6275388013678","","","","","10.9724028678052","","","","","9.67088648285922","","","","","",
"Guinea-Bissau","GNB","International migrant stock (% of population)","SM.POP.TOTL.ZS","","","","","","","","","","","","","","","","","","","","","","","","","","","","","","","1.45501643615651","","","","","2.36781646183303","","","","","1.55459517809427","","","","","1.41757087854393","","","","","1.28876829951854","","","","","1.21090371816247","","","","","",
"Equatorial Guinea","GNQ","International migrant stock (% of population)","SM.POP.TOTL.ZS","","","","","","","","","","","","","","","","","","","","","","","","","","","","","","","0.726091323208688","","","","","0.809444786452896","","","","","0.850825773786203","","","","","1.05262148766669","","","","","1.18812696408722","","","","","1.28097413201429","","","","","",
"Greece","GRC","International migrant stock (% of population)","SM.POP.TOTL.ZS","","","","","","","","","","","","","","","","","","","","","","","","","","","","","","","6.10101703192651","","","","","8.06161428316757","","","","","10.1484549250906","","","","","10.7564892225255","","","","","11.3598566550025","","","","","11.3423773738507","","","","","",
"Grenada","GRD","International migrant stock (% of population)","SM.POP.TOTL.ZS","","","","","","","","","","","","","","","","","","","","","","","","","","","","","","","4.4274349334275","","","","","5.5300090770351","","","","","6.71619759889785","","","","","6.70416023156647","","","","","6.6681314902032","","","","","6.60613152351978","","","","","",
"Greenland","GRL","International migrant stock (% of population)","SM.POP.TOTL.ZS","","","","","","","","","","","","","","","","","","","","","","","","","","","","","","","16.9343380752837","","","","","13.1161640595603","","","","","12.0251361839997","","","","","11.7395045037136","","","","","11.0105047218194","","","","","10.6948350122806","","","","","",
"Guatemala","GTM","International migrant stock (% of population)","SM.POP.TOTL.ZS","","","","","","","","","","","","","","","","","","","","","","","","","","","","","","","2.88535943529034","","","","","1.50799132674233","","","","","0.411672509936982","","","","","0.43426994566316","","","","","0.450602931892124","","","","","0.46718767180629","","","","","",
"Guam","GUM","International migrant stock (% of population)","SM.POP.TOTL.ZS","","","","","","","","","","","","","","","","","","","","","","","","","","","","","","","53.4594810012109","","","","","49.4030035311414","","","","","47.6861866501854","","","","","47.1859394827053","","","","","47.3005519317612","","","","","44.7885334196663","","","","","",
"Guyana","GUY","International migrant stock (% of population)","SM.POP.TOTL.ZS","","","","","","","","","","","","","","","","","","","","","","","","","","","","","","","0.568527326797004","","","","","0.874094358706197","","","","","1.16003653913001","","","","","1.46371356036068","","","","","1.74232307974121","","","","","2.00551438236962","","","","","",
"High income","HIC","International migrant stock (% of population)","SM.POP.TOTL.ZS","","","","","","","","","","","","","","","","","","","","","","","","","","","","","","","7.70500588020995","","","","","8.58422480831201","","","","","9.60491474228067","","","","","10.9672378325649","","","","","12.7845992811215","","","","","13.592201838246","","","","","",
"Hong Kong SAR, China","HKG","International migrant stock (% of population)","SM.POP.TOTL.ZS","","","","","","","","","","","","","","","","","","","","","","","","","","","","","","","38.2889192572912","","","","","39.7721343549953","","","","","39.3472575079951","","","","","39.7698051798584","","","","","39.7500847206791","","","","","38.9499399216491","","","","","",
"Honduras","HND","International migrant stock (% of population)","SM.POP.TOTL.ZS","","","","","","","","","","","","","","","","","","","","","","","","","","","","","","","5.5150516084573","","","","","2.67283786336086","","","","","0.455880751167693","","","","","0.405149224998587","","","","","0.363652113074911","","","","","0.3476135161844","","","","","",
"Heavily indebted poor countries (HIPC)","HPC","International migrant stock (% of population)","SM.POP.TOTL.ZS","","","","","","","","","","","","","","","","","","","","","","","","","","","","","","","3.18709843827972","","","","","2.93707852062004","","","","","2.1947055173627","","","","","1.92276636041428","","","","","1.6490881629437","","","","","1.66841412867813","","","","","",
"Croatia","HRV","International migrant stock (% of population)","SM.POP.TOTL.ZS","","","","","","","","","","","","","","","","","","","","","","","","","","","","","","","9.95395251711863","","","","","14.6008176293255","","","","","13.2179060443728","","","","","13.231283473761","","","","","13.280619957488","","","","","13.6047139871854","","","","","",
"Haiti","HTI","International migrant stock (% of population)","SM.POP.TOTL.ZS","","","","","","","","","","","","","","","","","","","","","","","","","","","","","","","0.268798840745138","","","","","0.287193825524572","","","","","0.302156856277346","","","","","0.328906993095091","","","","","0.351053445346957","","","","","0.369048200333356","","","","","",
"Hungary","HUN","International migrant stock (% of population)","SM.POP.TOTL.ZS","","","","","","","","","","","","","","","","","","","","","","","","","","","","","","","3.34624900132989","","","","","3.11277228329151","","","","","2.90447689692006","","","","","3.63300621911885","","","","","4.35978033343808","","","","","4.56246525249104","","","","","",
"IBRD only","IBD","International migrant stock (% of population)","SM.POP.TOTL.ZS","","","","","","","","","","","","","","","","","","","","","","","","","","","","","","","1.53001594578151","","","","","1.38062497180368","","","","","1.28182059553596","","","","","1.2415636945781","","","","","1.25628176367968","","","","","1.36877772034858","","","","","",
"IDA & IBRD total","IBT","International migrant stock (% of population)","SM.POP.TOTL.ZS","","","","","","","","","","","","","","","","","","","","","","","","","","","","","","","1.78977882202226","","","","","1.57841487746535","","","","","1.43075562991703","","","","","1.3456677742506","","","","","1.35760410310432","","","","","1.42569725608721","","","","","",
"IDA total","IDA","International migrant stock (% of population)","SM.POP.TOTL.ZS","","","","","","","","","","","","","","","","","","","","","","","","","","","","","","","2.90900496503037","","","","","2.38166279830438","","","","","2.00002317848163","","","","","1.71871482584756","","","","","1.68656408705549","","","","","1.5995466283386","","","","","",
"IDA blend","IDB","International migrant stock (% of population)","SM.POP.TOTL.ZS","","","","","","","","","","","","","","","","","","","","","","","","","","","","","","","3.48753202914264","","","","","2.28402744626271","","","","","2.2014590399145","","","","","1.76104595088088","","","","","1.85942669188928","","","","","1.68093673153692","","","","","",
"Indonesia","IDN","International migrant stock (% of population)","SM.POP.TOTL.ZS","","","","","","","","","","","","","","","","","","","","","","","","","","","","","","","0.256624866680176","","","","","0.192406654327478","","","","","0.138180206385892","","","","","0.127983196000129","","","","","0.126407039657274","","","","","0.127675543243526","","","","","",
"IDA only","IDX","International migrant stock (% of population)","SM.POP.TOTL.ZS","","","","","","","","","","","","","","","","","","","","","","","","","","","","","","","2.60349022691488","","","","","2.43305886507181","","","","","1.89377012271343","","","","","1.6964756167599","","","","","1.59969680074328","","","","","1.55818446770008","","","","","",
"Isle of Man","IMN","International migrant stock (% of population)","SM.POP.TOTL.ZS","","","","","","","","","","","","","","","","","","","","","","","","","","","","","","","49.4495960860166","","","","","51.1020905778529","","","","","50.7798869879957","","","","","51.6211338602278","","","","","51.5220510631233","","","","","51.516290726817","","","","","",
"India","IND","International migrant stock (% of population)","SM.POP.TOTL.ZS","","","","","","","","","","","","","","","","","","","","","","","","","","","","","","","0.860692478072776","","","","","0.723532002626331","","","","","0.608579704980214","","","","","0.517653228474756","","","","","0.441598735186028","","","","","0.399752709149401","","","","","",
"Not classified","INX","International migrant stock (% of population)","SM.POP.TOTL.ZS","","","","","","","","","","","","","","","","","","","","","","","","","","","","","","","","","","","","","","","","","","","","","","","","","","","","","","","","","","","","","",
"Ireland","IRL","International migrant stock (% of population)","SM.POP.TOTL.ZS","","","","","","","","","","","","","","","","","","","","","","","","","","","","","","","6.39781696082014","","","","","6.22417759913841","","","","","9.12521794451962","","","","","14.0125603634893","","","","","15.8217274297246","","","","","15.9169365666588","","","","","",
"Iran, Islamic Rep.","IRN","International migrant stock (% of population)","SM.POP.TOTL.ZS","","","","","","","","","","","","","","","","","","","","","","","","","","","","","","","7.64048856957112","","","","","4.87024970990721","","","","","4.25786235402481","","","","","3.66350900853461","","","","","3.71910512401908","","","","","3.44639753479213","","","","","",
"Iraq","IRQ","International migrant stock (% of population)","SM.POP.TOTL.ZS","","","","","","","","","","","","","","","","","","","","","","","","","","","","","","","0.478520555735618","","","","","0.986558401452901","","","","","0.893010492454406","","","","","0.491955055261526","","","","","0.380291585930821","","","","","0.9715760982742","","","","","",
"Iceland","ISL","International migrant stock (% of population)","SM.POP.TOTL.ZS","","","","","","","","","","","","","","","","","","","","","","","","","","","","","","","3.76093866499235","","","","","4.76268816319816","","","","","5.65121224405613","","","","","8.59054069992755","","","","","11.0334484124738","","","","","11.3901495029218","","","","","",
"Israel","ISR","International migrant stock (% of population)","SM.POP.TOTL.ZS","","","","","","","","","","","","","","","","","","","","","","","","","","","","","","","36.2890770079133","","","","","33.6142547239846","","","","","30.7848015975493","","","","","28.6128924839904","","","","","26.2873081227238","","","","","24.9469000386407","","","","","",
"Italy","ITA","International migrant stock (% of population)","SM.POP.TOTL.ZS","","","","","","","","","","","","","","","","","","","","","","","","","","","","","","","2.50531433742571","","","","","3.1074050664025","","","","","3.71267956800803","","","","","6.74218944921741","","","","","9.71318439967291","","","","","9.6807677420957","","","","","",
"Jamaica","JAM","International migrant stock (% of population)","SM.POP.TOTL.ZS","","","","","","","","","","","","","","","","","","","","","","","","","","","","","","","0.858200541033093","","","","","0.912337218923978","","","","","0.959657243293033","","","","","0.907954328186989","","","","","0.863729104902028","","","","","0.829367046917036","","","","","",
"Jordan","JOR","International migrant stock (% of population)","SM.POP.TOTL.ZS","","","","","","","","","","","","","","","","","","","","","","","","","","","","","","","34.1332452769177","","","","","35.5796477814006","","","","","40.4374348187594","","","","","43.6043849388578","","","","","41.7769218117704","","","","","40.9771116038916","","","","","",
"Japan","JPN","International migrant stock (% of population)","SM.POP.TOTL.ZS","","","","","","","","","","","","","","","","","","","","","","","","","","","","","","","0.879862814739571","","","","","1.10946363450103","","","","","1.34158324270085","","","","","1.58523842500455","","","","","1.67621294290106","","","","","1.61477505702794","","","","","",
"Kazakhstan","KAZ","International migrant stock (% of population)","SM.POP.TOTL.ZS","","","","","","","","","","","","","","","","","","","","","","","","","","","","","","","21.8947010794356","","","","","20.3771677014687","","","","","19.1973279790575","","","","","20.0816192235029","","","","","20.4444845273853","","","","","20.1233050855632","","","","","",
"Kenya","KEN","International migrant stock (% of population)","SM.POP.TOTL.ZS","","","","","","","","","","","","","","","","","","","","","","","","","","","","","","","1.26797362595068","","","","","2.26041796242178","","","","","2.2505087585005","","","","","2.1412010057416","","","","","2.29853155523763","","","","","2.35472288542212","","","","","",
"Kyrgyz Republic","KGZ","International migrant stock (% of population)","SM.POP.TOTL.ZS","","","","","","","","","","","","","","","","","","","","","","","","","","","","","","","14.1786941956108","","","","","11.1123910773529","","","","","7.862155262016","","","","","6.11668136065699","","","","","4.23658452719127","","","","","3.44079642260338","","","","","",
"Cambodia","KHM","International migrant stock (% of population)","SM.POP.TOTL.ZS","","","","","","","","","","","","","","","","","","","","","","","","","","","","","","","0.425969734669974","","","","","0.862409215837846","","","","","1.19762369029764","","","","","0.856084860891747","","","","","0.570727950527118","","","","","0.474794450779274","","","","","",
"Kiribati","KIR","International migrant stock (% of population)","SM.POP.TOTL.ZS","","","","","","","","","","","","","","","","","","","","","","","","","","","","","","","2.98573421165293","","","","","2.86001003512293","","","","","2.70478402009336","","","","","2.69362822081903","","","","","2.79401449614216","","","","","2.80458625014454","","","","","",
"St. Kitts and Nevis","KNA","International migrant stock (% of population)","SM.POP.TOTL.ZS","","","","","","","","","","","","","","","","","","","","","","","","","","","","","","","7.86128866358093","","","","","9.90486849468383","","","","","12.8908308448972","","","","","13.5981603207228","","","","","13.8390128361858","","","","","13.3934355430792","","","","","",
"Korea, Rep.","KOR","International migrant stock (% of population)","SM.POP.TOTL.ZS","","","","","","","","","","","","","","","","","","","","","","","","","","","","","","","0.10010412765409","","","","","0.27744164254697","","","","","0.528452079588937","","","","","1.01992899488032","","","","","1.87263033656867","","","","","2.63915935436429","","","","","",
"Kuwait","KWT","International migrant stock (% of population)","SM.POP.TOTL.ZS","","","","","","","","","","","","","","","","","","","","","","","","","","","","","","","52.1844910123798","","","","","56.318664704578","","","","","58.4429921170062","","","","","58.9028381289307","","","","","61.1718750255354","","","","","73.6395507326993","","","","","",
"Latin America & Caribbean (excluding high income)","LAC","International migrant stock (% of population)","SM.POP.TOTL.ZS","","","","","","","","","","","","","","","","","","","","","","","","","","","","","","","1.29292870567871","","","","","1.05527695453547","","","","","0.929261459354232","","","","","0.95721277400613","","","","","1.01938869400766","","","","","1.10910324547046","","","","","",
"Lao PDR","LAO","International migrant stock (% of population)","SM.POP.TOTL.ZS","","","","","","","","","","","","","","","","","","","","","","","","","","","","","","","0.538297237724876","","","","","0.484295893551244","","","","","0.41078976334669","","","","","0.354585856391597","","","","","0.338389124012226","","","","","0.327020358502169","","","","","",
"Lebanon","LBN","International migrant stock (% of population)","SM.POP.TOTL.ZS","","","","","","","","","","","","","","","","","","","","","","","","","","","","","","","19.3743736170556","","","","","20.0534646532643","","","","","21.4167423919292","","","","","18.9819319189388","","","","","18.9215006331338","","","","","34.1456803007755","","","","","",
"Liberia","LBR","International migrant stock (% of population)","SM.POP.TOTL.ZS","","","","","","","","","","","","","","","","","","","","","","","","","","","","","","","4.51590844352761","","","","","10.0274481578868","","","","","5.25137207603957","","","","","2.66647419739396","","","","","2.50452881386764","","","","","2.52649198234771","","","","","",
"Libya","LBY","International migrant stock (% of population)","SM.POP.TOTL.ZS","","","","","","","","","","","","","","","","","","","","","","","","","","","","","","","10.3918021452708","","","","","10.4145133801347","","","","","10.6315895185248","","","","","10.776650280796","","","","","10.9165508641736","","","","","12.2824498704933","","","","","",
"St. Lucia","LCA","International migrant stock (% of population)","SM.POP.TOTL.ZS","","","","","","","","","","","","","","","","","","","","","","","","","","","","","","","3.83919525256911","","","","","4.86398258977149","","","","","6.28739271992813","","","","","6.93320113417207","","","","","6.82085942828796","","","","","6.90328055827329","","","","","",
"Latin America & Caribbean","LCN","International migrant stock (% of population)","SM.POP.TOTL.ZS","","","","","","","","","","","","","","","","","","","","","","","","","","","","","","","1.56745441856089","","","","","1.33327574728108","","","","","1.20477391608639","","","","","1.24006230433931","","","","","1.33640879823062","","","","","1.41593111626595","","","","","",
"Least developed countries: UN classification","LDC","International migrant stock (% of population)","SM.POP.TOTL.ZS","","","","","","","","","","","","","","","","","","","","","","","","","","","","","","","2.02322114670501","","","","","1.91220012337377","","","","","1.47139452288337","","","","","1.30018372277475","","","","","1.16350797423881","","","","","1.2444847363311","","","","","",
"Low income","LIC","International migrant stock (% of population)","SM.POP.TOTL.ZS","","","","","","","","","","","","","","","","","","","","","","","","","","","","","","","2.8022149772853","","","","","2.43775301256074","","","","","1.7526980098169","","","","","1.55049746813038","","","","","1.58265300053494","","","","","1.57747707617127","","","","","",
"Liechtenstein","LIE","International migrant stock (% of population)","SM.POP.TOTL.ZS","","","","","","","","","","","","","","","","","","","","","","","","","","","","","","","37.9405113932858","","","","","43.1712775273246","","","","","46.5206417883541","","","","","54.22357396993","","","","","61.5889293196604","","","","","62.5962537635555","","","","","",
"Sri Lanka","LKA","International migrant stock (% of population)","SM.POP.TOTL.ZS","","","","","","","","","","","","","","","","","","","","","","","","","","","","","","","0.239809813928564","","","","","0.223805493457384","","","","","0.213652815239985","","","","","0.202423323575265","","","","","0.192853810683187","","","","","0.186850018416597","","","","","",
"Lower middle income","LMC","International migrant stock (% of population)","SM.POP.TOTL.ZS","","","","","","","","","","","","","","","","","","","","","","","","","","","","","","","1.81541842012191","","","","","1.44933777975036","","","","","1.27322761422078","","","","","1.09664677078755","","","","","1.03011403559663","","","","","0.967978062432787","","","","","",
"Low & middle income","LMY","International migrant stock (% of population)","SM.POP.TOTL.ZS","","","","","","","","","","","","","","","","","","","","","","","","","","","","","","","1.74993208006148","","","","","1.53847620542117","","","","","1.39618388830184","","","","","1.31242610646415","","","","","1.32254003279821","","","","","1.39150099974955","","","","","",
"Lesotho","LSO","International migrant stock (% of population)","SM.POP.TOTL.ZS","","","","","","","","","","","","","","","","","","","","","","","","","","","","","","","0.515794968995965","","","","","0.410759574506906","","","","","0.332233430753276","","","","","0.32661004733509","","","","","0.319011472277237","","","","","0.307818842147762","","","","","",
"Late-demographic dividend","LTE","International migrant stock (% of population)","SM.POP.TOTL.ZS","","","","","","","","","","","","","","","","","","","","","","","","","","","","","","","1.5097840525167","","","","","1.49484365351649","","","","","1.49591619961336","","","","","1.57649347193914","","","","","1.86678835981178","","","","","2.08477822373695","","","","","",
"Lithuania","LTU","International migrant stock (% of population)","SM.POP.TOTL.ZS","","","","","","","","","","","","","","","","","","","","","","","","","","","","","","","9.44606104896071","","","","","7.54082256753505","","","","","6.14710474180473","","","","","6.01833296044469","","","","","5.14827072195617","","","","","4.72608962255138","","","","","",
"Luxembourg","LUX","International migrant stock (% of population)","SM.POP.TOTL.ZS","","","","","","","","","","","","","","","","","","","","","","","","","","","","","","","29.8058865283522","","","","","30.8971255524957","","","","","32.0448880664608","","","","","32.897015815327","","","","","32.1215856220552","","","","","43.9641339422687","","","","","",
"Latvia","LVA","International migrant stock (% of population)","SM.POP.TOTL.ZS","","","","","","","","","","","","","","","","","","","","","","","","","","","","","","","24.2496485528259","","","","","21.6276364677","","","","","18.1396351056576","","","","","16.9120099624746","","","","","15.0099568576033","","","","","13.3532402640341","","","","","",
"Macao SAR, China","MAC","International migrant stock (% of population)","SM.POP.TOTL.ZS","","","","","","","","","","","","","","","","","","","","","","","","","","","","","","","56.9994579343128","","","","","56.4497225561476","","","","","55.750659285448","","","","","59.662201564032","","","","","59.5754789329363","","","","","58.321902771585","","","","","",
"St. Martin (French part)","MAF","International migrant stock (% of population)","SM.POP.TOTL.ZS","","","","","","","","","","","","","","","","","","","","","","","","","","","","","","","","","","","","","","","","","","","","","","","","","","","","","","","","","","","","","",
"Morocco","MAR","International migrant stock (% of population)","SM.POP.TOTL.ZS","","","","","","","","","","","","","","","","","","","","","","","","","","","","","","","0.220018911325826","","","","","0.185406839708387","","","","","0.183188210601711","","","","","0.178963774110653","","","","","0.220847067431313","","","","","0.257467738138459","","","","","",
"Monaco","MCO","International migrant stock (% of population)","SM.POP.TOTL.ZS","","","","","","","","","","","","","","","","","","","","","","","","","","","","","","","69.1589102520552","","","","","68.599348534202","","","","","67.9124715563729","","","","","63.0383341221013","","","","","57.3537793459085","","","","","55.7684662479129","","","","","",
"Moldova","MDA","International migrant stock (% of population)","SM.POP.TOTL.ZS","","","","","","","","","","","","","","","","","","","","","","","","","","","","","","","12.4690143291399","","","","","8.46333394943907","","","","","5.89913850888151","","","","","4.1839648633249","","","","","3.86017030796799","","","","","3.51210659793059","","","","","",
"Madagascar","MDG","International migrant stock (% of population)","SM.POP.TOTL.ZS","","","","","","","","","","","","","","","","","","","","","","","","","","","","","","","0.207149242901001","","","","","0.157420249550159","","","","","0.149515926231188","","","","","0.142468226764279","","","","","0.137123537657288","","","","","0.132347777361949","","","","","",
"Maldives","MDV","International migrant stock (% of population)","SM.POP.TOTL.ZS","","","","","","","","","","","","","","","","","","","","","","","","","","","","","","","3.89328745088023","","","","","7.28539378911324","","","","","9.66246290801187","","","","","14.7704021405525","","","","","22.1315492745997","","","","","25.8721817536855","","","","","",
"Middle East & North Africa","MEA","International migrant stock (% of population)","SM.POP.TOTL.ZS","","","","","","","","","","","","","","","","","","","","","","","","","","","","","","","7.17425855249474","","","","","6.54772559176257","","","","","6.4333597051543","","","","","6.75385571460529","","","","","8.58391800409615","","","","","9.41126965268619","","","","","",
"Mexico","MEX","International migrant stock (% of population)","SM.POP.TOTL.ZS","","","","","","","","","","","","","","","","","","","","","","","","","","","","","","","0.812613997406173","","","","","0.48561244371919","","","","","0.523352182925571","","","","","0.649203275003716","","","","","0.817364770549705","","","","","0.939364727416811","","","","","",
"Marshall Islands","MHL","International migrant stock (% of population)","SM.POP.TOTL.ZS","","","","","","","","","","","","","","","","","","","","","","","","","","","","","","","2.44820295983087","","","","","2.90082320658565","","","","","3.6253139318648","","","","","4.64289830573591","","","","","5.89188982986191","","","","","6.19704489272168","","","","","",
"Middle income","MIC","International migrant stock (% of population)","SM.POP.TOTL.ZS","","","","","","","","","","","","","","","","","","","","","","","","","","","","","","","1.6794927722888","","","","","1.47411480301007","","","","","1.3689313503647","","","","","1.29269302403812","","","","","1.29695622761379","","","","","1.37199089190242","","","","","",
"North Macedonia","MKD","International migrant stock (% of population)","SM.POP.TOTL.ZS","","","","","","","","","","","","","","","","","","","","","","","","","","","","","","","4.76609123110748","","","","","5.59716085227668","","","","","6.24561703455827","","","","","6.24932081644961","","","","","6.28870713033039","","","","","6.28977417338761","","","","","",
"Mali","MLI","International migrant stock (% of population)","SM.POP.TOTL.ZS","","","","","","","","","","","","","","","","","","","","","","","","","","","","","","","1.89500800216928","","","","","1.82754407563894","","","","","1.71518302919744","","","","","1.99355131405135","","","","","2.21929618786116","","","","","2.06335973795908","","","","","",
"Malta","MLT","International migrant stock (% of population)","SM.POP.TOTL.ZS","","","","","","","","","","","","","","","","","","","","","","","","","","","","","","","4.23860087094153","","","","","4.76381008133924","","","","","5.55839661139522","","","","","6.18493354218397","","","","","8.02884988739613","","","","","9.8984880693625","","","","","",
"Myanmar","MMR","International migrant stock (% of population)","SM.POP.TOTL.ZS","","","","","","","","","","","","","","","","","","","","","","","","","","","","","","","0.317908961985639","","","","","0.254217475364134","","","","","0.205604006109446","","","","","0.166100813560885","","","","","0.147708388838671","","","","","0.13601460292319","","","","","",
"Middle East & North Africa (excluding high income)","MNA","International migrant stock (% of population)","SM.POP.TOTL.ZS","","","","","","","","","","","","","","","","","","","","","","","","","","","","","","","3.70081582152726","","","","","3.10282171165446","","","","","2.97399023555707","","","","","2.86348032162507","","","","","3.15467784177277","","","","","3.37726224153119","","","","","",
"Montenegro","MNE","International migrant stock (% of population)","SM.POP.TOTL.ZS","","","","","","","","","","","","","","","","","","","","","","","","","","","","","","","","","","","","","","","","","","","","","","","","","","","12.6226782774233","","","","","13.1900776789324","","","","","",
"Mongolia","MNG","International migrant stock (% of population)","SM.POP.TOTL.ZS","","","","","","","","","","","","","","","","","","","","","","","","","","","","","","","0.307580311746702","","","","","0.323058191378907","","","","","0.342282052757986","","","","","0.454195160238865","","","","","0.592076329591246","","","","","0.595444478012824","","","","","",
"Northern Mariana Islands","MNP","International migrant stock (% of population)","SM.POP.TOTL.ZS","","","","","","","","","","","","","","","","","","","","","","","","","","","","","","","60.4771218047849","","","","","56.2884662192705","","","","","58.6287517900459","","","","","58.3203877462251","","","","","44.8718900854066","","","","","39.3099691301979","","","","","",
"Mozambique","MOZ","International migrant stock (% of population)","SM.POP.TOTL.ZS","","","","","","","","","","","","","","","","","","","","","","","","","","","","","","","0.914838956800011","","","","","1.05734262605384","","","","","1.07148629453275","","","","","0.969532547382276","","","","","0.882397793849275","","","","","0.796801385438194","","","","","",
"Mauritania","MRT","International migrant stock (% of population)","SM.POP.TOTL.ZS","","","","","","","","","","","","","","","","","","","","","","","","","","","","","","","5.51721752365139","","","","","3.83733096369013","","","","","2.11571718298265","","","","","1.84265684491265","","","","","2.3578270312413","","","","","3.39667673329787","","","","","",
"Mauritius","MUS","International migrant stock (% of population)","SM.POP.TOTL.ZS","","","","","","","","","","","","","","","","","","","","","","","","","","","","","","","0.342183896615571","","","","","0.663875195361645","","","","","1.31148730575129","","","","","1.60776624664691","","","","","1.99014224116171","","","","","2.24510921983142","","","","","",
"Malawi","MWI","International migrant stock (% of population)","SM.POP.TOTL.ZS","","","","","","","","","","","","","","","","","","","","","","","","","","","","","","","11.9855908142397","","","","","2.45982514986544","","","","","2.07822049578183","","","","","1.73881140390306","","","","","1.47410016531003","","","","","1.2498117945782","","","","","",
"Malaysia","MYS","International migrant stock (% of population)","SM.POP.TOTL.ZS","","","","","","","","","","","","","","","","","","","","","","","","","","","","","","","3.82140625575714","","","","","4.52280378631527","","","","","5.45338191759948","","","","","6.67675500396881","","","","","8.5563790252316","","","","","8.28934891611083","","","","","",
"North America","NAC","International migrant stock (% of population)","SM.POP.TOTL.ZS","","","","","","","","","","","","","","","","","","","","","","","","","","","","","","","9.84505383371494","","","","","11.2746755998701","","","","","12.8630856529861","","","","","13.8093145077709","","","","","14.8839024558818","","","","","15.2258178246329","","","","","",
"Namibia","NAM","International migrant stock (% of population)","SM.POP.TOTL.ZS","","","","","","","","","","","","","","","","","","","","","","","","","","","","","","","8.52317324491839","","","","","6.97443015232612","","","","","7.08147145898766","","","","","5.24285332304568","","","","","4.66826188217499","","","","","3.81840143482876","","","","","",
"New Caledonia","NCL","International migrant stock (% of population)","SM.POP.TOTL.ZS","","","","","","","","","","","","","","","","","","","","","","","","","","","","","","","22.3529551374476","","","","","23.0774109662893","","","","","23.6436711000633","","","","","24.227861275215","","","","","24.8261584363393","","","","","24.4339041798737","","","","","",
"Niger","NER","International migrant stock (% of population)","SM.POP.TOTL.ZS","","","","","","","","","","","","","","","","","","","","","","","","","","","","","","","1.45937427798486","","","","","1.55949981157695","","","","","1.08922223242805","","","","","0.922929002814592","","","","","0.776234210799295","","","","","0.951072208218253","","","","","",
"Nigeria","NGA","International migrant stock (% of population)","SM.POP.TOTL.ZS","","","","","","","","","","","","","","","","","","","","","","","","","","","","","","","0.477550385863569","","","","","0.42702306672913","","","","","0.397049976666451","","","","","0.46415940978647","","","","","0.577148809185465","","","","","0.658124087599013","","","","","",
"Nicaragua","NIC","International migrant stock (% of population)","SM.POP.TOTL.ZS","","","","","","","","","","","","","","","","","","","","","","","","","","","","","","","0.999405486318947","","","","","0.577139599963488","","","","","0.604540629490936","","","","","0.649114656907825","","","","","0.650658920038301","","","","","0.66198270577991","","","","","",
"Netherlands","NLD","International migrant stock (% of population)","SM.POP.TOTL.ZS","","","","","","","","","","","","","","","","","","","","","","","","","","","","","","","7.92659726469864","","","","","8.71258276996995","","","","","9.79196824767258","","","","","10.6304471698689","","","","","11.0182615941693","","","","","11.6956827411211","","","","","",
"Norway","NOR","International migrant stock (% of population)","SM.POP.TOTL.ZS","","","","","","","","","","","","","","","","","","","","","","","","","","","","","","","4.54174453910326","","","","","5.35122349985825","","","","","6.51086078548891","","","","","7.80955231265197","","","","","10.7702303562013","","","","","14.2356111639164","","","","","",
"Nepal","NPL","International migrant stock (% of population)","SM.POP.TOTL.ZS","","","","","","","","","","","","","","","","","","","","","","","","","","","","","","","2.29421170601069","","","","","3.22672182406495","","","","","3.02399163947819","","","","","2.66382199258105","","","","","2.15306942164935","","","","","1.81764555283951","","","","","",
"Nauru","NRU","International migrant stock (% of population)","SM.POP.TOTL.ZS","","","","","","","","","","","","","","","","","","","","","","","","","","","","","","","30.7415092279131","","","","","26.1283851554664","","","","","23.8398725353515","","","","","22.2738507167573","","","","","21.0673316708229","","","","","31.089806300137","","","","","",
"New Zealand","NZL","International migrant stock (% of population)","SM.POP.TOTL.ZS","","","","","","","","","","","","","","","","","","","","","","","","","","","","","","","15.2477355634999","","","","","16.017285978395","","","","","17.5938784428316","","","","","20.3147073100122","","","","","21.6854462103347","","","","","22.95970035283","","","","","",
"OECD members","OED","International migrant stock (% of population)","SM.POP.TOTL.ZS","","","","","","","","","","","","","","","","","","","","","","","","","","","","","","","5.87765930816092","","","","","6.49120536671335","","","","","7.25403343255296","","","","","8.22940023768976","","","","","9.24349014229823","","","","","9.7082666536189","","","","","",
"Oman","OMN","International migrant stock (% of population)","SM.POP.TOTL.ZS","","","","","","","","","","","","","","","","","","","","","","","","","","","","","","","16.775569914119","","","","","24.6202775354675","","","","","27.847064597127","","","","","26.5731537589787","","","","","27.7272809110294","","","","","41.085873617455","","","","","",
"Other small states","OSS","International migrant stock (% of population)","SM.POP.TOTL.ZS","","","","","","","","","","","","","","","","","","","","","","","","","","","","","","","10.1295873748807","","","","","9.69073990649502","","","","","9.41417457722693","","","","","11.1682129840831","","","","","14.8836532477052","","","","","15.4831316769051","","","","","",
"Pakistan","PAK","International migrant stock (% of population)","SM.POP.TOTL.ZS","","","","","","","","","","","","","","","","","","","","","","","","","","","","","","","5.76929673180544","","","","","2.99291640474729","","","","","3.02488048378448","","","","","2.06781872261554","","","","","2.3179811700175","","","","","1.92084606074688","","","","","",
"Panama","PAN","International migrant stock (% of population)","SM.POP.TOTL.ZS","","","","","","","","","","","","","","","","","","","","","","","","","","","","","","","2.53920461673567","","","","","2.58746404930381","","","","","2.75394048569856","","","","","3.54179991510261","","","","","4.34494515407515","","","","","4.70102752739085","","","","","",
"Peru","PER","International migrant stock (% of population)","SM.POP.TOTL.ZS","","","","","","","","","","","","","","","","","","","","","","","","","","","","","","","0.297915512306098","","","","","0.236002179979243","","","","","0.255810610701383","","","","","0.280839767441305","","","","","0.28619533892356","","","","","0.289645140800474","","","","","",
"Philippines","PHL","International migrant stock (% of population)","SM.POP.TOTL.ZS","","","","","","","","","","","","","","","","","","","","","","","","","","","","","","","0.248712858372934","","","","","0.296903963735575","","","","","0.40816864936539","","","","","0.298890058323078","","","","","0.224206214299477","","","","","0.210390539089137","","","","","",
"Palau","PLW","International migrant stock (% of population)","SM.POP.TOTL.ZS","","","","","","","","","","","","","","","","","","","","","","","","","","","","","","","18.5631917290742","","","","","27.5224572587656","","","","","32.9091478043184","","","","","30.3561561259858","","","","","28.2706399609184","","","","","26.6027899112301","","","","","",
"Papua New Guinea","PNG","International migrant stock (% of population)","SM.POP.TOTL.ZS","","","","","","","","","","","","","","","","","","","","","","","","","","","","","","","0.786935144951674","","","","","0.710909769845984","","","","","0.467077815227284","","","","","0.492319167130093","","","","","0.371287869748991","","","","","0.338376608624312","","","","","",
"Poland","POL","International migrant stock (% of population)","SM.POP.TOTL.ZS","","","","","","","","","","","","","","","","","","","","","","","","","","","","","","","2.95264663482572","","","","","2.49981472776902","","","","","2.14427183903469","","","","","1.87842691647986","","","","","1.66538508340782","","","","","1.60418083655994","","","","","",
"Pre-demographic dividend","PRE","International migrant stock (% of population)","SM.POP.TOTL.ZS","","","","","","","","","","","","","","","","","","","","","","","","","","","","","","","2.4734559785629","","","","","2.46267275185304","","","","","1.91281189415864","","","","","1.68121415353971","","","","","1.51086109943932","","","","","1.57278171549192","","","","","",
"Puerto Rico","PRI","International migrant stock (% of population)","SM.POP.TOTL.ZS","","","","","","","","","","","","","","","","","","","","","","","","","","","","","","","9.15038271919372","","","","","9.16257887945439","","","","","9.35053401636721","","","","","9.36268575802622","","","","","8.22091770402281","","","","","7.46549639203331","","","","","",
"Korea, Dem. People's Rep.","PRK","International migrant stock (% of population)","SM.POP.TOTL.ZS","","","","","","","","","","","","","","","","","","","","","","","","","","","","","","","0.168873933773767","","","","","0.161475523199901","","","","","0.158417927534667","","","","","0.168380525121146","","","","","0.179628943173663","","","","","0.192635219027453","","","","","",
"Portugal","PRT","International migrant stock (% of population)","SM.POP.TOTL.ZS","","","","","","","","","","","","","","","","","","","","","","","","","","","","","","","4.40614706158618","","","","","5.2867554483431","","","","","6.33817520033483","","","","","7.35856627117051","","","","","7.20677134659702","","","","","8.0895935893659","","","","","",
"Paraguay","PRY","International migrant stock (% of population)","SM.POP.TOTL.ZS","","","","","","","","","","","","","","","","","","","","","","","","","","","","","","","4.64869688210473","","","","","3.91883555320864","","","","","3.33052784589293","","","","","2.90299720834794","","","","","2.58135547612296","","","","","2.35666668624757","","","","","",
"West Bank and Gaza","PSE","International migrant stock (% of population)","SM.POP.TOTL.ZS","","","","","","","","","","","","","","","","","","","","","","","","","","","","","","","13.7225413058336","","","","","10.7615633517068","","","","","8.53662205962502","","","","","7.44852159346852","","","","","6.3417535477465","","","","","5.4730397522441","","","","","",
"Pacific island small states","PSS","International migrant stock (% of population)","SM.POP.TOTL.ZS","","","","","","","","","","","","","","","","","","","","","","","","","","","","","","","2.30859992192154","","","","","2.30211169634685","","","","","2.30369385292625","","","","","2.16369293364957","","","","","2.0583689609897","","","","","2.01087374469925","","","","","",
"Post-demographic dividend","PST","International migrant stock (% of population)","SM.POP.TOTL.ZS","","","","","","","","","","","","","","","","","","","","","","","","","","","","","","","7.3058664663048","","","","","8.11911239517772","","","","","9.06962257023275","","","","","10.2556503019916","","","","","11.5514750334718","","","","","12.0888751655835","","","","","",
"French Polynesia","PYF","International migrant stock (% of population)","SM.POP.TOTL.ZS","","","","","","","","","","","","","","","","","","","","","","","","","","","","","","","13.0211221454857","","","","","13.17843866171","","","","","12.7826457113716","","","","","12.6669386858336","","","","","11.8031074552814","","","","","10.6300660621578","","","","","",
"Qatar","QAT","International migrant stock (% of population)","SM.POP.TOTL.ZS","","","","","","","","","","","","","","","","","","","","","","","","","","","","","","","65.0088776396812","","","","","72.1874819118636","","","","","60.610865561384","","","","","77.1905214810425","","","","","82.4923407530842","","","","","75.4976278935561","","","","","",
"Romania","ROU","International migrant stock (% of population)","SM.POP.TOTL.ZS","","","","","","","","","","","","","","","","","","","","","","","","","","","","","","","0.578240506414798","","","","","0.58800899189532","","","","","0.573699396953354","","","","","0.678085685288028","","","","","0.76842822234455","","","","","1.16313480315329","","","","","",
"Russian Federation","RUS","International migrant stock (% of population)","SM.POP.TOTL.ZS","","","","","","","","","","","","","","","","","","","","","","","","","","","","","","","7.80989434659493","","","","","8.04414617211375","","","","","8.12856536703781","","","","","8.1237846704396","","","","","7.81982303355397","","","","","8.11621785991527","","","","","",
"Rwanda","RWA","International migrant stock (% of population)","SM.POP.TOTL.ZS","","","","","","","","","","","","","","","","","","","","","","","","","","","","","","","2.20213120580076","","","","","3.94401594518968","","","","","4.32661940007791","","","","","4.80446214184141","","","","","4.24325864762117","","","","","3.80308098441419","","","","","",
"South Asia","SAS","International migrant stock (% of population)","SM.POP.TOTL.ZS","","","","","","","","","","","","","","","","","","","","","","","","","","","","","","","1.33674118804233","","","","","0.986852090504455","","","","","0.905947972589144","","","","","0.743637351566604","","","","","0.718438153544703","","","","","0.660188429792919","","","","","",
"Saudi Arabia","SAU","International migrant stock (% of population)","SM.POP.TOTL.ZS","","","","","","","","","","","","","","","","","","","","","","","","","","","","","","","30.5501290136029","","","","","27.1708479038829","","","","","24.6041502929586","","","","","26.275039674313","","","","","30.0098320982069","","","","","32.2949424946542","","","","","",
"Sudan","SDN","International migrant stock (% of population)","SM.POP.TOTL.ZS","","","","","","","","","","","","","","","","","","","","","","","","","","","","","","","","","","","","","","","","","","","","","","","","","","","1.25264449650173","","","","","1.2513445422805","","","","","",
"Senegal","SEN","International migrant stock (% of population)","SM.POP.TOTL.ZS","","","","","","","","","","","","","","","","","","","","","","","","","","","","","","","3.59865273766299","","","","","3.3022889199157","","","","","2.35179925558116","","","","","2.11463419006169","","","","","1.97650791773982","","","","","1.73995141736156","","","","","",
"Singapore","SGP","International migrant stock (% of population)","SM.POP.TOTL.ZS","","","","","","","","","","","","","","","","","","","","","","","","","","","","","","","24.1102638907307","","","","","28.4695927078204","","","","","34.4979037477321","","","","","38.0509888598255","","","","","42.6227726497604","","","","","45.3917919104027","","","","","",
"Solomon Islands","SLB","International migrant stock (% of population)","SM.POP.TOTL.ZS","","","","","","","","","","","","","","","","","","","","","","","","","","","","","","","1.35514303396836","","","","","1.16302375040363","","","","","0.96547475844942","","","","","0.696986614277252","","","","","0.524538320755183","","","","","0.442947201036342","","","","","",
"Sierra Leone","SLE","International migrant stock (% of population)","SM.POP.TOTL.ZS","","","","","","","","","","","","","","","","","","","","","","","","","","","","","","","5.65327502386035","","","","","2.74568262552025","","","","","2.41930657922053","","","","","2.95024659498575","","","","","1.68721699225506","","","","","1.41345729487955","","","","","",
"El Salvador","SLV","International migrant stock (% of population)","SM.POP.TOTL.ZS","","","","","","","","","","","","","","","","","","","","","","","","","","","","","","","0.901737634713243","","","","","0.707439937746287","","","","","0.545662334587555","","","","","0.605645743564289","","","","","0.667803188510155","","","","","0.686271613393632","","","","","",
"San Marino","SMR","International migrant stock (% of population)","SM.POP.TOTL.ZS","","","","","","","","","","","","","","","","","","","","","","","","","","","","","","","13.7658556872531","","","","","14.1410628019324","","","","","14.7520058351568","","","","","14.424457971411","","","","","14.3336591723688","","","","","14.8422013152513","","","","","",
"Somalia","SOM","International migrant stock (% of population)","SM.POP.TOTL.ZS","","","","","","","","","","","","","","","","","","","","","","","","","","","","","","","7.56600963519607","","","","","0.307684308053019","","","","","0.271981970954649","","","","","0.244126034701093","","","","","0.25042492397498","","","","","0.234455883618068","","","","","",
"Serbia","SRB","International migrant stock (% of population)","SM.POP.TOTL.ZS","","","","","","","","","","","","","","","","","","","","","","","","","","","","","","","1.04299686793091","","","","","6.37607943063569","","","","","9.05352738250248","","","","","9.19940108972932","","","","","9.11868644888214","","","","","9.12262208400769","","","","","",
"Sub-Saharan Africa (excluding high income)","SSA","International migrant stock (% of population)","SM.POP.TOTL.ZS","","","","","","","","","","","","","","","","","","","","","","","","","","","","","","","2.71173073149342","","","","","2.51136429675579","","","","","1.98951214619523","","","","","1.81627897699361","","","","","1.72652396016119","","","","","1.8733131897064","","","","","",
"South Sudan","SSD","International migrant stock (% of population)","SM.POP.TOTL.ZS","","","","","","","","","","","","","","","","","","","","","","","","","","","","","","","","","","","","","","","","","","","","","","","","","","","2.56456661006963","","","","","6.67856203968099","","","","","",
"Sub-Saharan Africa","SSF","International migrant stock (% of population)","SM.POP.TOTL.ZS","","","","","","","","","","","","","","","","","","","","","","","","","","","","","","","2.71209805415111","","","","","2.51193501928967","","","","","1.99029682623855","","","","","1.817236039283","","","","","1.72761298239143","","","","","1.87438527312666","","","","","",
"Small states","SST","International migrant stock (% of population)","SM.POP.TOTL.ZS","","","","","","","","","","","","","","","","","","","","","","","","","","","","","","","7.94827354565786","","","","","7.76176336527615","","","","","7.69363791851558","","","","","9.08209515972814","","","","","12.0465980954373","","","","","12.6659542040936","","","","","",
"Sao Tome and Principe","STP","International migrant stock (% of population)","SM.POP.TOTL.ZS","","","","","","","","","","","","","","","","","","","","","","","","","","","","","","","4.91481399955976","","","","","3.92699731092972","","","","","3.18232189204164","","","","","2.24165175714678","","","","","1.58005617977528","","","","","1.25772285966461","","","","","",
"Suriname","SUR","International migrant stock (% of population)","SM.POP.TOTL.ZS","","","","","","","","","","","","","","","","","","","","","","","","","","","","","","","4.41637519717054","","","","","4.99517753403764","","","","","5.72146495795121","","","","","6.84229032985839","","","","","7.66451602942056","","","","","8.62581150145034","","","","","",
"Slovak Republic","SVK","International migrant stock (% of population)","SM.POP.TOTL.ZS","","","","","","","","","","","","","","","","","","","","","","","","","","","","","","","0.782441775399136","","","","","1.29262812444643","","","","","2.16068688365254","","","","","2.4231448015224","","","","","2.70615525062809","","","","","3.26541789940692","","","","","",
"Slovenia","SVN","International migrant stock (% of population)","SM.POP.TOTL.ZS","","","","","","","","","","","","","","","","","","","","","","","","","","","","","","","8.87491776807607","","","","","8.75822940345581","","","","","8.59969466754364","","","","","9.88098302948828","","","","","12.3648464296851","","","","","11.4129640933173","","","","","",
"Sweden","SWE","International migrant stock (% of population)","SM.POP.TOTL.ZS","","","","","","","","","","","","","","","","","","","","","","","","","","","","","","","9.21552914340246","","","","","10.60441477695","","","","","11.3138623605827","","","","","12.4669953355216","","","","","14.7610867573261","","","","","16.7675587503806","","","","","",
"Eswatini","SWZ","International migrant stock (% of population)","SM.POP.TOTL.ZS","","","","","","","","","","","","","","","","","","","","","","","","","","","","","","","8.35547240845318","","","","","2.59811838559809","","","","","2.1486018341379","","","","","2.45301192603577","","","","","2.55425144240279","","","","","2.45374795061268","","","","","",
"Sint Maarten (Dutch part)","SXM","International migrant stock (% of population)","SM.POP.TOTL.ZS","","","","","","","","","","","","","","","","","","","","","","","","","","","","","","","","","","","","","","","","","","","","","","40.2729955730448","","","","","79.0943396226415","","","","","70.4477997160924","","","","","",
"Seychelles","SYC","International migrant stock (% of population)","SM.POP.TOTL.ZS","","","","","","","","","","","","","","","","","","","","","","","","","","","","","","","5.26852336924972","","","","","6.71160189301592","","","","","8.10064815043005","","","","","10.1378074751823","","","","","12.268884090201","","","","","13.2589068217392","","","","","",
"Syrian Arab Republic","SYR","International migrant stock (% of population)","SM.POP.TOTL.ZS","","","","","","","","","","","","","","","","","","","","","","","","","","","","","","","5.73535528419419","","","","","5.79550797022766","","","","","5.08909413876074","","","","","4.83327434276436","","","","","8.02062604165651","","","","","4.73013438841734","","","","","",
"Turks and Caicos Islands","TCA","International migrant stock (% of population)","SM.POP.TOTL.ZS","","","","","","","","","","","","","","","","","","","","","","","","","","","","","","","43.8268398268398","","","","","45.9045258901787","","","","","47.7590591226955","","","","","37.5992438563327","","","","","35.0885683864098","","","","","34.0371006727045","","","","","",
"Chad","TCD","International migrant stock (% of population)","SM.POP.TOTL.ZS","","","","","","","","","","","","","","","","","","","","","","","","","","","","","","","1.24776309990128","","","","","1.27947276307216","","","","","1.25639418643967","","","","","3.49686509602965","","","","","3.50462913928439","","","","","3.68277137079953","","","","","",
"East Asia & Pacific (IDA & IBRD countries)","TEA","International migrant stock (% of population)","SM.POP.TOTL.ZS","","","","","","","","","","","","","","","","","","","","","","","","","","","","","","","0.158918393893894","","","","","0.184753926867951","","","","","0.226116150597468","","","","","0.291566497415841","","","","","0.379392879997707","","","","","0.413739762294847","","","","","",
"Europe & Central Asia (IDA & IBRD countries)","TEC","International migrant stock (% of population)","SM.POP.TOTL.ZS","","","","","","","","","","","","","","","","","","","","","","","","","","","","","","","7.35645588675993","","","","","7.08640004476876","","","","","6.70496951760624","","","","","6.4418917093046","","","","","6.14013005902802","","","","","6.48436441408579","","","","","",
"Togo","TGO","International migrant stock (% of population)","SM.POP.TOTL.ZS","","","","","","","","","","","","","","","","","","","","","","","","","","","","","","","2.24043568663053","","","","","2.37106019532776","","","","","2.82868709786276","","","","","3.64594864418195","","","","","3.99417855305968","","","","","3.79000676014412","","","","","",
"Thailand","THA","International migrant stock (% of population)","SM.POP.TOTL.ZS","","","","","","","","","","","","","","","","","","","","","","","","","","","","","","","0.934370119101867","","","","","1.3662450376977","","","","","2.00630778506202","","","","","3.28471985739457","","","","","4.83435770370382","","","","","5.75823265195895","","","","","",
"Tajikistan","TJK","International migrant stock (% of population)","SM.POP.TOTL.ZS","","","","","","","","","","","","","","","","","","","","","","","","","","","","","","","8.09659889988949","","","","","6.02225322552482","","","","","4.83767615150743","","","","","4.1207495825163","","","","","3.66873058481902","","","","","3.24291089626031","","","","","",
"Turkmenistan","TKM","International migrant stock (% of population)","SM.POP.TOTL.ZS","","","","","","","","","","","","","","","","","","","","","","","","","","","","","","","8.35605234460196","","","","","6.532099971108","","","","","4.8539804892635","","","","","4.48732570754821","","","","","3.92660048254709","","","","","3.65471158287463","","","","","",
"Latin America & the Caribbean (IDA & IBRD countries)","TLA","International migrant stock (% of population)","SM.POP.TOTL.ZS","","","","","","","","","","","","","","","","","","","","","","","","","","","","","","","1.5050857398373","","","","","1.26337904598973","","","","","1.13014402725102","","","","","1.16582923429832","","","","","1.26698595990296","","","","","1.35816497082903","","","","","",
"Timor-Leste","TLS","International migrant stock (% of population)","SM.POP.TOTL.ZS","","","","","","","","","","","","","","","","","","","","","","","","","","","","","","","1.2096224016557","","","","","1.13761750690942","","","","","1.25143858779369","","","","","1.14057950655737","","","","","1.03895293069296","","","","","0.914442948601621","","","","","",
"Middle East & North Africa (IDA & IBRD countries)","TMN","International migrant stock (% of population)","SM.POP.TOTL.ZS","","","","","","","","","","","","","","","","","","","","","","","","","","","","","","","3.61242011169666","","","","","3.02753998555425","","","","","2.91517198902311","","","","","2.81297475080812","","","","","3.11799976618944","","","","","3.35238310101784","","","","","",
"Tonga","TON","International migrant stock (% of population)","SM.POP.TOTL.ZS","","","","","","","","","","","","","","","","","","","","","","","","","","","","","","","3.05931562132167","","","","","3.41436452564945","","","","","3.76310036977262","","","","","4.26441135061175","","","","","4.83130826286473","","","","","5.39794668927192","","","","","",
"South Asia (IDA & IBRD)","TSA","International migrant stock (% of population)","SM.POP.TOTL.ZS","","","","","","","","","","","","","","","","","","","","","","","","","","","","","","","1.33674118804233","","","","","0.986852090504455","","","","","0.905947972589144","","","","","0.743637351566604","","","","","0.718438153544703","","","","","0.660188429792919","","","","","",
"Sub-Saharan Africa (IDA & IBRD countries)","TSS","International migrant stock (% of population)","SM.POP.TOTL.ZS","","","","","","","","","","","","","","","","","","","","","","","","","","","","","","","2.71209805415111","","","","","2.51193501928967","","","","","1.99029682623855","","","","","1.817236039283","","","","","1.72761298239143","","","","","1.87438527312666","","","","","",
"Trinidad and Tobago","TTO","International migrant stock (% of population)","SM.POP.TOTL.ZS","","","","","","","","","","","","","","","","","","","","","","","","","","","","","","","4.14647959250481","","","","","3.66485763756364","","","","","3.29287528194451","","","","","3.4552286047159","","","","","3.63121614041164","","","","","3.66763032980219","","","","","",
"Tunisia","TUN","International migrant stock (% of population)","SM.POP.TOTL.ZS","","","","","","","","","","","","","","","","","","","","","","","","","","","","","","","0.461374184253541","","","","","0.415482952986909","","","","","0.375763259455014","","","","","0.346845630037069","","","","","0.405782618495348","","","","","0.503849717164906","","","","","",
"Turkey","TUR","International migrant stock (% of population)","SM.POP.TOTL.ZS","","","","","","","","","","","","","","","","","","","","","","","","","","","","","","","2.15518939345885","","","","","2.07813531657665","","","","","2.02555316236802","","","","","1.9440377325187","","","","","1.89050772436436","","","","","3.76900110251173","","","","","",
"Tuvalu","TUV","International migrant stock (% of population)","SM.POP.TOTL.ZS","","","","","","","","","","","","","","","","","","","","","","","","","","","","","","","3.53176366059529","","","","","2.85033055164192","","","","","2.30385391230492","","","","","1.88776562822364","","","","","1.56711102065737","","","","","1.42194433239209","","","","","",
"Tanzania","TZA","International migrant stock (% of population)","SM.POP.TOTL.ZS","","","","","","","","","","","","","","","","","","","","","","","","","","","","","","","2.25477378454917","","","","","3.69872865994284","","","","","2.73061660251845","","","","","1.97320916612058","","","","","0.67603498689169","","","","","0.488535530485828","","","","","",
"Uganda","UGA","International migrant stock (% of population)","SM.POP.TOTL.ZS","","","","","","","","","","","","","","","","","","","","","","","","","","","","","","","3.21154595832613","","","","","3.10890621632808","","","","","2.67157473075183","","","","","2.3285014738211","","","","","1.59628750032014","","","","","1.92012616805897","","","","","",
"Ukraine","UKR","International migrant stock (% of population)","SM.POP.TOTL.ZS","","","","","","","","","","","","","","","","","","","","","","","","","","","","","","","13.418179467323","","","","","12.1474803634196","","","","","11.3384821308068","","","","","10.7923244364238","","","","","10.5564758567156","","","","","10.7864611551484","","","","","",
"Upper middle income","UMC","International migrant stock (% of population)","SM.POP.TOTL.ZS","","","","","","","","","","","","","","","","","","","","","","","","","","","","","","","1.53937254571477","","","","","1.50074009824905","","","","","1.47623214344162","","","","","1.52285787232879","","","","","1.62457595531813","","","","","1.88751746384746","","","","","",
"Uruguay","URY","International migrant stock (% of population)","SM.POP.TOTL.ZS","","","","","","","","","","","","","","","","","","","","","","","","","","","","","","","3.15486849301942","","","","","2.89716562882678","","","","","2.67583632869872","","","","","2.47527670128289","","","","","2.26003685380632","","","","","2.09231674852946","","","","","",
"United States","USA","International migrant stock (% of population)","SM.POP.TOTL.ZS","","","","","","","","","","","","","","","","","","","","","","","","","","","","","","","9.19566042513874","","","","","10.6848170440958","","","","","12.3063192386484","","","","","13.2566831184215","","","","","14.2584836388032","","","","","14.4906535240608","","","","","",
"Uzbekistan","UZB","International migrant stock (% of population)","SM.POP.TOTL.ZS","","","","","","","","","","","","","","","","","","","","","","","","","","","","","","","8.0574214847415","","","","","6.66701899058229","","","","","5.73145148942692","","","","","5.12820285315632","","","","","4.39855580602632","","","","","3.91690323992971","","","","","",
"St. Vincent and the Grenadines","VCT","International migrant stock (% of population)","SM.POP.TOTL.ZS","","","","","","","","","","","","","","","","","","","","","","","","","","","","","","","3.69271409835456","","","","","3.82438356671168","","","","","3.99176992872832","","","","","4.04141647279515","","","","","4.1027845878005","","","","","4.18135974128008","","","","","",
"Venezuela, RB","VEN","International migrant stock (% of population)","SM.POP.TOTL.ZS","","","","","","","","","","","","","","","","","","","","","","","","","","","","","","","5.16066416207988","","","","","4.59692245650945","","","","","4.14053040999119","","","","","3.99924315764641","","","","","4.59201168999107","","","","","4.51473657184212","","","","","",
"British Virgin Islands","VGB","International migrant stock (% of population)","SM.POP.TOTL.ZS","","","","","","","","","","","","","","","","","","","","","","","","","","","","","","","48.8182757154141","","","","","54.5237449118046","","","","","58.4120525117473","","","","","59.5968751348785","","","","","57.1502038717261","","","","","57.4692034399177","","","","","",
"Virgin Islands (U.S.)","VIR","International migrant stock (% of population)","SM.POP.TOTL.ZS","","","","","","","","","","","","","","","","","","","","","","","","","","","","","","","50.3326779851433","","","","","50.6839970846026","","","","","52.1707476661352","","","","","52.563840843293","","","","","53.2834502077419","","","","","53.3638784092727","","","","","",
"Vietnam","VNM","International migrant stock (% of population)","SM.POP.TOTL.ZS","","","","","","","","","","","","","","","","","","","","","","","","","","","","","","","0.0412229339434371","","","","","0.0681684823496597","","","","","0.070690168791617","","","","","0.0614793982557822","","","","","0.0698931135375467","","","","","0.07789713082094","","","","","",
"Vanuatu","VUT","International migrant stock (% of population)","SM.POP.TOTL.ZS","","","","","","","","","","","","","","","","","","","","","","","","","","","","","","","1.57399766764644","","","","","1.46282603010057","","","","","1.419014579213","","","","","1.33731343283582","","","","","1.26576921612025","","","","","1.20422290404002","","","","","",
"World","WLD","International migrant stock (% of population)","SM.POP.TOTL.ZS","","","","","","","","","","","","","","","","","","","","","","","","","","","","","","","2.87964499870172","","","","","2.82061806311756","","","","","2.83367276801444","","","","","2.95331952932929","","","","","3.21567133239719","","","","","3.34669875227316","","","","","",
"Samoa","WSM","International migrant stock (% of population)","SM.POP.TOTL.ZS","","","","","","","","","","","","","","","","","","","","","","","","","","","","","","","2.06121634482547","","","","","2.75861258359877","","","","","3.43500521149507","","","","","3.19349962207105","","","","","2.75333415757758","","","","","2.55087254435175","","","","","",
"Kosovo","XKX","International migrant stock (% of population)","SM.POP.TOTL.ZS","","","","","","","","","","","","","","","","","","","","","","","","","","","","","","","","","","","","","","","","","","","","","","","","","","","","","","","","","","","","","",
"Yemen, Rep.","YEM","International migrant stock (% of population)","SM.POP.TOTL.ZS","","","","","","","","","","","","","","","","","","","","","","","","","","","","","","","0.993746477643902","","","","","0.894233495851966","","","","","0.806368272287068","","","","","0.834323975091182","","","","","1.21158587336404","","","","","1.28252922839207","","","","","",
"South Africa","ZAF","International migrant stock (% of population)","SM.POP.TOTL.ZS","","","","","","","","","","","","","","","","","","","","","","","","","","","","","","","3.16328513549544","","","","","2.4230854367015","","","","","2.23139232733802","","","","","2.50436834765266","","","","","3.76412049577547","","","","","5.76709044891315","","","","","",
"Zambia","ZMB","International migrant stock (% of population)","SM.POP.TOTL.ZS","","","","","","","","","","","","","","","","","","","","","","","","","","","","","","","3.42655206061739","","","","","2.64048508206655","","","","","3.03410793540427","","","","","2.09861826094891","","","","","1.07517625908042","","","","","0.789025650319302","","","","","",
"Zimbabwe","ZWE","International migrant stock (% of population)","SM.POP.TOTL.ZS","","","","","","","","","","","","","","","","","","","","","","","","","","","","","","","5.97839475940867","","","","","3.69101241310552","","","","","3.28033298610614","","","","","3.0243404055538","","","","","2.84738752546981","","","","","2.55638252510727","","","","","",
